id,cnpj,created_at,updated_at,nome_fantasia,sap,razao,regional
7,09644710000129,"2017-09-26 15:07:38.091338","2017-09-26 15:07:38.091338","25ª CIRCUNSCRIÇÃO DE SERVIÇO MILITAR","","25ª CIRCUNSCRIÇÃO DE SERVIÇO MILITAR",Governo
8,10275431000114,"2017-09-26 15:07:38.167466","2017-09-26 15:07:38.167466","VELOSTER INTERNET E TELECOMUNICAÇÕES","","A. C. VERA FILHO TELECOMUNICAÇÕES E INFORMATICA - ME",Fortaleza
9,04913154000125,"2017-09-26 15:07:38.184373","2017-09-26 15:07:38.184373","ABC WIFI","","ABC WIFI TELECOM LTDA - ME","Belém"
10,03576095000184,"2017-09-26 15:07:38.205851","2017-09-26 15:07:38.205851",ABENET,"","ABENET PROVEDORA DE ACESSO A INTERNET ME","Brasília"
11,13954560000127,"2017-09-26 15:07:38.225925","2017-09-26 15:07:38.225925","ADP3 TELECOM","","ADP3 TELECOMUNICACOES LTDA","São Paulo"
12,01175497000141,"2017-09-26 15:07:38.243811","2017-09-26 15:07:38.243811","AGENCIA BRASILEIRA DE INTELIGENCIA-ABIN","","AGENCIA BRASILEIRA DE INTELIGENCIA-ABIN-GSI-PR",Governo
13,04204444000108,"2017-09-26 15:07:38.264725","2017-09-26 15:07:38.264725",ANA,"","AGÊNCIA NACIONAL DE ÁGUAS",Governo
14,02030715000112,"2017-09-26 15:07:38.307052","2017-09-26 15:07:38.307052",ANATEL,"","AGÊNCIA NACIONAL DE TELECOMUNICAÇÕES",Governo
15,04898488000177,"2017-09-26 15:07:38.329482","2017-09-26 15:07:38.329482",ANTT,"","AGÊNCIA NACIONAL DE TRANSPORTES TERRESTRES",Governo
16,04884574000120,"2017-09-26 15:07:38.347718","2017-09-26 15:07:38.347718",ANCINE,"","AGENCIA NACIONAL DO CINEMA","Rio de Janeiro"
17,02313673000208,"2017-09-26 15:07:38.369088","2017-09-26 15:07:38.369088",ANP,"","AGÊNCIA NACIONAL DO PETRÓLEO -  GÁS NATURAL E BIOCOMBUSTÍVEIS",Governo
18,09410651000124,"2017-09-26 15:07:38.388361","2017-09-26 15:07:38.388361","IWP INTERNET","","AGO BRASIL INTERNET LTDA - ME","Porto Alegre"
19,07760064000130,"2017-09-26 15:07:38.411572","2017-09-26 15:07:38.411572","AKTO TECNOLOGIA","","AKTO TECNOLOGIA EIRELI - EPP","Belém"
20,04022409000160,"2017-09-26 15:07:38.436794","2017-09-26 15:07:38.436794",SGNET-RS,"","ALESSIO & LONGHI LTDA","Porto Alegre"
21,05492370000107,"2017-09-26 15:07:38.458795","2017-09-26 15:07:38.458795",WOMP,"","ALFA TELECOMUNICAÇOES LTDA - ME","Belém"
22,13126124000160,"2017-09-26 15:07:38.480291","2017-09-26 15:07:38.480291","ON LINE VALE","","ALIANCA TELECOM INTERNET E INFORMATICA LTDA - ME","São Paulo"
23,08407644000100,"2017-09-26 15:07:38.505076","2017-09-26 15:07:38.505076","VIRTUAL STAR","","ALMEIDA E GOMES LTDA - ME","Belém"
24,04113958000140,"2017-09-26 15:07:38.525440","2017-09-26 15:07:38.525440",ALPINET,"","ALPINET INFORMÁTICA LTDA - ME","Rio de Janeiro"
25,18279167000107,"2017-09-26 15:07:38.553932","2017-09-26 15:07:38.553932","TCHÊNET","","ANDRES REFATTE CHEGUHEN EIRELI - ME","Porto Alegre"
26,05830937000108,"2017-09-26 15:07:38.576022","2017-09-26 15:07:38.576022",Apanet,"","APANET COMÉRCIO E SERVIÇO DE INTERNET  LTDA","Belém"
27,09503823000104,"2017-09-26 15:07:38.621019","2017-09-26 15:07:38.621019","ARANET SOLUÇÕES EM INTERNET","","ARANET COMUNICAÇÃO LTDA - EPP","Brasília"
28,20059578000120,"2017-09-26 15:07:38.668226","2017-09-26 15:07:38.668226","Arion Services","","ARION SERVIÇOS DE TELECOMUNICAÇÕES LTDA.","São Paulo"
29,12033087000182,"2017-09-26 15:07:38.685617","2017-09-26 15:07:38.685617","MAIS NET TECNOLOGIA INTEGRADA","","ARRAIS FALCÃO E SARAIVA CONSULTORIA E PRESTAÇÃO DE SERVIÇOS EM INTERNET LTDA - ME",Fortaleza
30,09944413000107,"2017-09-26 15:07:38.708235","2017-09-26 15:07:38.708235",AGR,"","ARSENAL DE GUERRA DO RIO - AGR","Rio de Janeiro"
31,05774391000115,"2017-09-26 15:07:38.732827","2017-09-26 15:07:38.732827",ITEP-OS,"","ASSOCIAÇÃO INSTITUTO DE TECNOLOGIA DE PERNAMBUCO",Governo
32,09418723000180,"2017-09-26 15:07:38.754452","2017-09-26 15:07:38.754452","AVANÇAR","","AVANÇAR ENGENHARIA DE COMPUTAÇÃO EIRELI EPP","Rio de Janeiro"
33,10455378000133,"2017-09-26 15:07:38.778775","2017-09-26 15:07:38.778775",INTERNETKA,"","AVNET COMUNICAÇÃO SEM FRONTEIRAS LTDA",Fortaleza
34,00538593000144,"2017-09-26 15:07:38.802841","2017-09-26 15:07:38.802841",Axtelecom,"","AXTELECOM TELECOMUNICAÇÕES LTDA","Rio de Janeiro"
35,09382790000191,"2017-09-26 15:07:38.829690","2017-09-26 15:07:38.829690","AXXESS TELECOMUNICAÇÕES","","AXXESS TELECOMUNICAÇÕES LTDA - ME","Belém"
36,10561685000107,"2017-09-26 15:07:38.850714","2017-09-26 15:07:38.850714","C.B.S INFORMÁTICA","","BALBINO SERVIÇO DE COMUNICAÇÃO MULTIMIDIA LTDA - ME","Brasília"
37,12905686000149,"2017-09-26 15:07:38.875108","2017-09-26 15:07:38.875108","BALSAS NET","","BALSAS NET LTDA - ME",Fortaleza
38,0038166000105,"2017-09-26 15:07:38.949147","2017-09-26 15:07:38.949147","Banco Central do Brasil","","BANCO CENTRAL DO BRASIL",Governo
39,08204233000118,"2017-09-26 15:07:38.973179","2017-09-26 15:07:38.973179","BLZ NET","","BELEZA NETWORK PROVEDOR DE INTERNET LTDA - ME","Brasília"
40,10779392000192,"2017-09-26 15:07:38.994440","2017-09-26 15:07:38.994440",INFORTEL,"","BERTONE MARTINS ALCANFOR","Brasília"
41,07000765000170,"2017-09-26 15:07:39.015240","2017-09-26 15:07:39.015240","BOMFIM & SOUSA","","BOMFIM & SOUSA LTDA",Fortaleza
42,23428899000143,"2017-09-26 15:07:39.034758","2017-09-26 15:07:39.034758","NET LINE","","BORBA PROVEDOR LTDA",Fortaleza
43,14702958000139,"2017-09-26 15:07:39.053947","2017-09-26 15:07:39.053947",BOSSNET,"","BOSSNET PROVEDOR DE INTERNET LTDA","Belém"
44,14629705000187,"2017-09-26 15:07:39.077327","2017-09-26 15:07:39.077327","BRASIL DIGITAL","","BRASIL DIGITAL SERVIÇOS DE INFORMÁTICA E COMÉRCIO LTDA - ME","Brasília"
45,11966640000177,"2017-09-26 15:07:39.096887","2017-09-26 15:07:39.096887",BRDIGITAL,"","BRASIL DIGITAL TELECOMUNICAÇÕES LTDA.","Porto Alegre"
46,17955033000198,"2017-09-26 15:07:39.117089","2017-09-26 15:07:39.117089","G3 TELECOM","","BRASIL NORTE TELECOMUNICAÇÕES LTDA - EPP","Belém"
47,07246932000168,"2017-09-26 15:07:39.139548","2017-09-26 15:07:39.139548","BRASILNET INTERNET BANDA LARGA LTDA - ME","","BRASILNET INTERNET BANDA LARGA LTDA - ME","Belém"
48,04601397000128,"2017-09-26 15:07:39.163205","2017-09-26 15:07:39.163205",BRISANET,"","BRISANET PREST. SERV. DE INTERNET ",Fortaleza
49,10431131000187,"2017-09-26 15:07:39.182424","2017-09-26 15:07:39.182424","BRPHONIA PROVEDOR","","BRPHONIA PROVEDOR IP LTDA","Porto Alegre"
50,13338689000100,"2017-09-26 15:07:39.205245","2017-09-26 15:07:39.205245",BRSULNET,"","BRSULNET TELECOM LTDA - EPP","Porto Alegre"
51,06203355000164,"2017-09-26 15:07:39.226638","2017-09-26 15:07:39.226638","BRT NETWORK","","BRT COMÉRCIO DE PRODUTOS DE INFORMÁTICA LTDA - ME","Brasília"
52,03264131000174,"2017-09-26 15:07:39.247672","2017-09-26 15:07:39.247672",BYALNET,"","BYAL TELECOM LTDA. - EPP","Rio de Janeiro"
53,09615199000137,"2017-09-26 15:07:39.270519","2017-09-26 15:07:39.270519",WIRELLESSNET,"","C M C NOGUEIRA INFORMATICA LTDA",Fortaleza
54,12523304000112,"2017-09-26 15:07:39.291052","2017-09-26 15:07:39.291052","HC COMERCIO E SERVICOS","","C M S MARTINS - ME",Fortaleza
55,05383078000156,"2017-09-26 15:07:39.320821","2017-09-26 15:07:39.320821",SIVNET,"","C P SARMENTO - ME",Fortaleza
56,03481331000189,"2017-09-26 15:07:39.339447","2017-09-26 15:07:39.339447","VIP ONLINE","","C. S. TAVARES - ME","Brasília"
57,08646215000196,"2017-09-26 15:07:39.354842","2017-09-26 15:07:39.354842","LINK WAP TELECOMUNICAÇÕES","","C.M & TELECOMUNICACÕES PROVEDOR NET DO BRASIL LTDA - ME","Brasília"
58,00360305000104,"2017-09-26 15:07:39.377564","2017-09-26 15:07:39.377564",CEF,"","CAIXA ECONÔMICA FEDERAL",Governo
59,12274997000157,"2017-09-26 15:07:39.397332","2017-09-26 15:07:39.397332","NET SUPER","","CAPIXABA TELECOMUNICAÇÃO","Rio de Janeiro"
60,10735362000184,"2017-09-26 15:07:39.417606","2017-09-26 15:07:39.417606","Carolina Online","","CAROLINA ONLINE COMUNICAÇÕES MULTIMÍDIA ",Fortaleza
61,00394429000372,"2017-09-26 15:07:39.443157","2017-09-26 15:07:39.443157","CENTRO DE COMPUTACAO DA AERONAUTICA DO RIO DE JANEIRO","","CCA - COMANDO DA AERONAUTICA","Rio de Janeiro"
62,02983428000127,"2017-09-26 15:07:39.467150","2017-09-26 15:07:39.467150","Cemig Telecom","","CEMIG TELECOMUNICAÇÕES S.A.","Rio de Janeiro"
63,07129796000126,"2017-09-26 15:07:39.489396","2017-09-26 15:07:39.489396",CENSIPAM,"","CENTRO GESTOR E OPERACIONAL DO SISTEMA DE PROTEÇÃO DA AMAZÔNIA",Governo
64,10955922000106,"2017-09-26 15:07:39.510692","2017-09-26 15:07:39.510692","Maxx Speed Internet","","CENTRO OESTE TELECOM LTDA","Brasília"
65,15420705000135,"2017-09-26 15:07:39.530648","2017-09-26 15:07:39.530648",CERILUZ,"","CERILUZ PROVEDORES DE INTERNET LTDA","Porto Alegre"
66,89398473000100,"2017-09-26 15:07:39.553007","2017-09-26 15:07:39.553007",PROCEMPA,"","CIA DE PROCES. DE DADOS MUNICÍPIO DE PORTO ALEGRE","Porto Alegre"
67,04127856000183,"2017-09-26 15:07:39.577357","2017-09-26 15:07:39.577357",FASTERNET,"","CILNET COMUNICAÇÃO E INFORMATICA LTDA","São Paulo"
68,07518297000120,"2017-09-26 15:07:39.604869","2017-09-26 15:07:39.604869",CITEX,"","CITEX - CENTRO INTEGRADO DE TELEMÁTICA DO EXÉRCITO","Brasília"
69,09336143000143,"2017-09-26 15:07:39.661916","2017-09-26 15:07:39.661916","CITYDATA TELECOMUNICAÇÕES LTDA - ME","","CITYDATA TELECOMUNICAÇÕES LTDA - ME","Porto Alegre"
70,11325221000237,"2017-09-26 15:07:39.681926","2017-09-26 15:07:39.681926","CLICK NET","","CLICK NET BRASIL INFORMÁTICA E TELECOMUNICAÇÕES","Brasília"
71,07764696000171,"2017-09-26 15:07:39.706642","2017-09-26 15:07:39.706642","Net Velox","","CLINIC INFORMÁTICA LTDA","Brasília"
72,08182940000150,"2017-09-26 15:07:39.728358","2017-09-26 15:07:39.728358","COELHO TECNOLOGIA","","COELHO TECNOLOGIA EIRELI - ME","Belém"
73,00608711000143,"2017-09-26 15:07:39.748813","2017-09-26 15:07:39.748813",COLINA,"","COLINA SERVIÇOS DE TELECOMUNICAÇÕES","Brasília"
74,00394452025009,"2017-09-26 15:07:39.773705","2017-09-26 15:07:39.773705",COLOG,"","COLOG - COMANDO LOGÍSTICO DO EXÉRCITO",Governo
75,00394429013350,"2017-09-26 15:07:39.798330","2017-09-26 15:07:39.798330",COMAER,"","COMAER - COMANDO DA AERONAUTICA",Governo
76,09635270000143,"2017-09-26 15:07:39.820225","2017-09-26 15:07:39.820225","COMANDO DA 8ª REGIAO MILITAR E 8ª DIVISA","","COMANDO DA 8ª REGIAO MILITAR E 8ª DIVISAO DO EXERCITO",Governo
77,10207029000100,"2017-09-26 15:07:39.848404","2017-09-26 15:07:39.848404","COMANDO DO COMANDO MILITAR DA AMAZÔNIA","","COMANDO DO COMANDO MILITAR DA AMAZÔNIA",Governo
78,00394452053487,"2017-09-26 15:07:39.871235","2017-09-26 15:07:39.871235","CENTRO DE DEFESA CIBERNÉTICA - CDCIBER","","COMANDO DO EXERCITO",Governo
79,00394452055188,"2017-09-26 15:07:39.891706","2017-09-26 15:07:39.891706","CENTRO DE INTELIGENCIA DO EXERCITO","","COMANDO DO EXERCITO (2)","Brasília"
80,96068200001004,"2017-09-26 15:07:39.912180","2017-09-26 15:07:39.912180","COMANDO MILITAR SUL","","COMANDO MILITAR SUL",Governo
81,41814930000166,"2017-09-26 15:07:39.936954","2017-09-26 15:07:39.936954","VITAL NET","","COMARCA PIUMHI LTDA","Rio de Janeiro"
82,00091652001401,"2017-09-26 15:07:39.956175","2017-09-26 15:07:39.956175",CPRM,"","COMPANHIA DE PESQUISA DE RECURSOS MINERAIS",Governo
83,02985578000170,"2017-09-26 15:07:39.980239","2017-09-26 15:07:39.980239",COMPUSERVICE,"","COMPUSERVICE EMPREENDIMENTOS LTDA","Belém"
84,09310842000114,"2017-09-26 15:07:40.004761","2017-09-26 15:07:40.004761","CONDOMINIO BELVEDERE","","CONDOMINIO BELVEDERE","Brasília"
85,10723327000145,"2017-09-26 15:07:40.023983","2017-09-26 15:07:40.023983","CONECTMAIS TELECOM","","CONECTMAIS COMUNICAÇÕES LTDA. ME","Rio de Janeiro"
86,09604757000169,"2017-09-26 15:07:40.047195","2017-09-26 15:07:40.047195",SADNET,"","CONNECTION MULTIMÍDIA TELECOMUNICAÇÕES  LTDA","Brasília"
87,14702767000177,"2017-09-26 15:07:40.067670","2017-09-26 15:07:40.067670",CAU,"","CONSELHO DE ARQUITETURA E URBANISMO DO BRASIL",Governo
88,21699889000117,"2017-09-26 15:07:40.092692","2017-09-26 15:07:40.092692",COREN-MG,"","CONSELHO REGIONAL DE ENFERMAGEM DE MINAS GERAIS","Rio de Janeiro"
89,12848641000180,"2017-09-26 15:07:40.119725","2017-09-26 15:07:40.119725","COONEXÃO INFORMATICA","","COONEXÃO TELECOM E INFORMÁTICA EIRELI","Belém"
90,04368865000166,"2017-09-26 15:07:40.134484","2017-09-26 15:07:40.134484",COPEL,"","COPEL TELECOMUNICAÇÕES S-A","Porto Alegre"
91,09238990000175,"2017-09-26 15:07:40.152269","2017-09-26 15:07:40.152269",COPREL,"","COPREL TELECOM LTDA","Porto Alegre"
92,14506948000128,"2017-09-26 15:07:40.171523","2017-09-26 15:07:40.171523",TURBONET,"","CRISTIANO NUNES DA SILVA - ME","Brasília"
93,09473770000126,"2017-09-26 15:07:40.192246","2017-09-26 15:07:40.192246","CONECTLAN SERVIÇOS  DE INTERNET","","CST SERVIÇOS DE INTERNET LTDA-ME","Brasília"
94,04622116000113,"2017-09-26 15:07:40.216114","2017-09-26 15:07:40.216114","ALGAR TELECOM","","CTBC MULTIMÍDIA DATA NET S-A","Rio de Janeiro"
95,03897438000102,"2017-09-26 15:07:40.255357","2017-09-26 15:07:40.255357","LIDER INFORMATICA","","D & D INFORMATICA LTDA - ME","Belém"
96,41644220000135,"2017-09-26 15:07:40.271436","2017-09-26 15:07:40.271436","DB3 TELECOM","","DB3 SERVIÇOS DE TELECOMUNICAÇÕES",Fortaleza
97,68729649000181,"2017-09-26 15:07:40.289466","2017-09-26 15:07:40.289466",DBSERVER,"","DBSERVER ASSESSORIA E SISTEMA DE INFORMAÇÃO","Porto Alegre"
98,10415167000177,"2017-09-26 15:07:40.312377","2017-09-26 15:07:40.312377","VIRTUAL INFORMÁTICA PROVEDOR DE INTERNET","","DE ALMEIDA E MENSCH - PROVEDOR DE INTERNET LTDA","Porto Alegre"
99,16550861000183,"2017-09-26 15:07:40.332111","2017-09-26 15:07:40.332111",DBT,"","DELTA BROADBAND TELECOM PROVEDORES INTERNET",Fortaleza
100,00394494010441,"2017-09-26 15:07:40.351984","2017-09-26 15:07:40.351984",DPRF,"","DEPARTAMENTO DE POLÍCIA RODOVIÁRIA FEDERAL",Governo
101,00394452027133,"2017-09-26 15:07:40.371552","2017-09-26 15:07:40.371552","DEPARTAMENTO GERAL DO PESSOAL (DGP)","","DEPARTAMENTO GERAL DO PESSOAL - COMANDO DO EXÉRCITO",Governo
102,09720168000146,"2017-09-26 15:07:40.395994","2017-09-26 15:07:40.395994",WILLYNET,"","DIEGO HINZ SOARES - ME","Porto Alegre"
103,11972556000166,"2017-09-26 15:07:40.416775","2017-09-26 15:07:40.416775","SEM FRONTEIRAS - INTERNET BANDA LARGA","","DJEAN OLIVEIRA BEZERRA - ME","Belém"
104,12450258000179,"2017-09-26 15:07:40.459018","2017-09-26 15:07:40.459018","SPEED NET","","DL SOUZA E CIA LTDA","Brasília"
105,08636618000154,"2017-09-26 15:07:40.483280","2017-09-26 15:07:40.483280","DYNATEC INFORMÁTICA","","DYNATEC INFORMATICA LTDA - ME","Brasília"
106,12523391000108,"2017-09-26 15:07:40.500843","2017-09-26 15:07:40.500843","GARRA TELECOM","","E. MARCIANO DA SILVA E CIA LTDA","Brasília"
107,10940364000105,"2017-09-26 15:07:40.520674","2017-09-26 15:07:40.520674","PROVEDOR UNIVERSAL","","EBER DEJANI PEREIRA DE ALBERNAZ E CIA LTDA - ME","Porto Alegre"
108,00357038000116,"2017-09-26 15:07:40.540873","2017-09-26 15:07:40.540873",ELETRONORTE,"","ELETRONORTE - CENTRAIS ELÉTRICAS DO NORTE DO BRASIL S.A.",Governo
109,00073957000168,"2017-09-26 15:07:40.563131","2017-09-26 15:07:40.563131",ELETROSUL,"","ELETROSUL CENTRAIS ELÉTRICAS S.A.",Governo
110,09168704000142,"2017-09-26 15:07:40.584986","2017-09-26 15:07:40.584986","EBC TV BRASIL","","EMPRESA BRASIL DE COMUNICACAO S.A. - EBC",Governo
111,34028316000103,"2017-09-26 15:07:40.603750","2017-09-26 15:07:40.603750",CORREIOS,"","EMPRESA BRASILEIRA DE CORREIOS E TELÉGRAFOS",Governo
112,07607851000146,"2017-09-26 15:07:40.624541","2017-09-26 15:07:40.624541",HEMOBRAS,"","EMPRESA BRASILEIRA DE HEMODERIVADOS E BIOTECNOLOGIA - HEMOBRAS","Brasília"
113,08519692000190,"2017-09-26 15:07:40.643113","2017-09-26 15:07:40.643113","OLÉ TELECOM","","EMPRESA CATARINENSE DE TECNOLOGIA EM TELECOMUNICAÇÕES LTDA","Porto Alegre"
114,05059613000118,"2017-09-26 15:07:40.658361","2017-09-26 15:07:40.658361",PRODEPA,"","EMPRESA DE PROCESSAMENTO DE DADOS DO ESTADO DO PARA",Governo
115,42422253001418,"2017-09-26 15:07:40.683351","2017-09-26 15:07:40.683351",DATAPREV,"","EMPRESA DE TECNOLOGIA E INFORMACOES DA PREVIDENCIA - DATAPREV",Governo
116,80995822000199,"2017-09-26 15:07:40.704070","2017-09-26 15:07:40.704070","ENGEPLUS TELECOM","","ENGEPLUS TELECOM LTDA - EPP","Porto Alegre"
117,10780881000164,"2017-09-26 15:07:40.725559","2017-09-26 15:07:40.725559",ENGETEC,"","ENGETEC TECNOLOGIA S.A.","Rio de Janeiro"
118,08417524000194,"2017-09-26 15:07:40.748628","2017-09-26 15:07:40.748628",ESTREITONET,"","ESTREITONET LTDA","Brasília"
119,00394452000103,"2017-09-26 15:07:40.766754","2017-09-26 15:07:40.766754","CIE - Centro de Inteligência do Exército","","EXÉRCITO BRASILEIRO - GABINETE DO COMANDANTE",Governo
120,07518297000120,"2017-09-26 15:07:40.787886","2017-09-26 15:07:40.787886","EXÉRCITO BRASILEIRO","","EXÉRCITO BRASILEIRO ? 7º CENTRO DE COMUNICAÇÕES E  TELEMÁTICA DE ÁREA",Governo
121,07244008000223,"2017-09-26 15:07:40.811429","2017-09-26 15:07:40.811429","EYES NWHERE","","EYES NWHERE SIST. INTELIG. DE IMAGEM","Belém"
122,20379501000138,"2017-09-26 15:07:40.830375","2017-09-26 15:07:40.830375",ULTRANET,"","F J R W ASSOCIADOS LTDA - ME",Fortaleza
123,01387236000195,"2017-09-26 15:07:40.857924","2017-09-26 15:07:40.857924",BNET,"","FAVIERO DUARTE & CIA LTDA","Porto Alegre"
124,12487878000182,"2017-09-26 15:07:40.878960","2017-09-26 15:07:40.878960","FAZENDO MAIS","","FAZENDO MAIS TECNOLOGIA AVANÇADA PARA ENVENTOS LTDA","Brasília"
125,10217540000185,"2017-09-26 15:07:40.899053","2017-09-26 15:07:40.899053","FERNANDO NET","","FERNANDO NET & TELECOM","Brasília"
126,20900302000123,"2017-09-26 15:07:40.920253","2017-09-26 15:07:40.920253",ARJNET,"","FIGUEIREDO & SILVA LTDA",Fortaleza
127,20212207000137,"2017-09-26 15:07:40.940983","2017-09-26 15:07:40.940983","VENON CONNECT","","FIUZA INFORMÁTICA & TELECOMUNICAÇÃO LTDA - ME","Brasília"
128,11840992000181,"2017-09-26 15:07:40.968623","2017-09-26 15:07:40.968623",CAIAPONIANET,"","FLÁVIO GARCIA FERREIRA - ME","Brasília"
129,01836999000176,"2017-09-26 15:07:40.990283","2017-09-26 15:07:40.990283","INEXA TECNOLOGIA","","FLAVIO JOSE PENSO JUNIOR - ME","Brasília"
130,08906994000111,"2017-09-26 15:07:41.014699","2017-09-26 15:07:41.014699",FNP,"","FONTE NOVA NEGÓCIOS E PARTICIPAÇÕES S.A.",Fortaleza
131,00795293000140,"2017-09-26 15:07:41.033408","2017-09-26 15:07:41.033408","EDI MELO -  INFORMÁTICA -  SERVIÇOS E TELEC","","FRANCISCA EDILEUZA MELO Â",Fortaleza
132,20460413000166,"2017-09-26 15:07:41.056773","2017-09-26 15:07:41.056773","FULL 3 TELECOM","","FULL 3 TELECOM LTDA - ME","Brasília"
133,34585380000195,"2017-09-26 15:07:41.081113","2017-09-26 15:07:41.081113",FVO,"","FUNDAÇÃO  VILA OLÍMPICA - FVO",Governo
134,00662197000124,"2017-09-26 15:07:41.100589","2017-09-26 15:07:41.100589",FUNAG,"","FUNDAÇÃO ALEXANDRE DE GUSMÃO - FUNAG","Brasília"
135,33781055006761,"2017-09-26 15:07:41.124127","2017-09-26 15:07:41.124127","FIOCRUZ CEARA","","FUNDAÇÃO OSWALDO CRUZ",Governo
136,23274194000119,"2017-09-26 15:07:41.149043","2017-09-26 15:07:41.149043",FURNAS,"","FURNAS CENTRAIS ELÉTRICA S.A.",Governo
137,18174153000110,"2017-09-26 15:07:41.171550","2017-09-26 15:07:41.171550",INTERLINE,"","FURTADO & FURTADO PROVEDORES LTDA - ME","Belém"
138,02926037000170,"2017-09-26 15:07:41.192221","2017-09-26 15:07:41.192221","G8 Networks","","G8 NETWORKS LTDA","Brasília"
139,06129343000137,"2017-09-26 15:07:41.211567","2017-09-26 15:07:41.211567","GENESIS INFORMÁTICA","","GENESIS COMÉRCIO DE COMPUTADORES LTDA - ME","Brasília"
140,18671267000176,"2017-09-26 15:07:41.231337","2017-09-26 15:07:41.231337","GIGABYTE NETWORK","","GIGABYTE NETWORK COMÉRCIO E SERVIÇOS EIRELI - EPP","Belém"
141,09032588000130,"2017-09-26 15:07:41.253214","2017-09-26 15:07:41.253214","GO NETWORKS","","GINONET.COM.BR PROVEDORES DE ACESSO A RE","Brasília"
142,03420926000124,"2017-09-26 15:07:41.278943","2017-09-26 15:07:41.278943",GVT,"","GLOBAL VILLAGE TELECOM LTDA","São Paulo"
143,02705128000186,"2017-09-26 15:07:41.298736","2017-09-26 15:07:41.298736","MICROLINK INFORMATICA","","GM INFORMÁTICA","Rio de Janeiro"
144,11739842000186,"2017-09-26 15:07:41.320430","2017-09-26 15:07:41.320430","GNET COMUNICAÇÕES","","GNET COMUNICAÇÕES E INFORM LTDA","Belém"
145,09011207000136,"2017-09-26 15:07:41.342656","2017-09-26 15:07:41.342656","GNEX TELECOM","","GNEX LTDA - ME","Belém"
146,20193955000110,"2017-09-26 15:07:41.362739","2017-09-26 15:07:41.362739","GOLD LINK","","GOLD TELECOMUNICACOES LTDA - ME","São Paulo"
147,03693136000112,"2017-09-26 15:07:41.384961","2017-09-26 15:07:41.384961","GOVERNO DE RONDONIA","","GOVERNO DO ESTADO DE RONDÔNIA",Governo
148,00394429017429,"2017-09-26 15:07:41.426574","2017-09-26 15:07:41.426574","GRUPAMENTO DE APOIO LOGÍSTICO (GAL)","","GRUPAMENTO DE APOIO LOGÍSTICO (GAL)",Governo
149,14959659000184,"2017-09-26 15:07:41.449749","2017-09-26 15:07:41.449749","GRUPO CONECTA","","GRUPO CONECTA TELECOM SERVIÇOS DE TELECOMUNICAÇÕES LTDA.","Belém"
150,08617194000180,"2017-09-26 15:07:41.470220","2017-09-26 15:07:41.470220",GTNET,"","GTNET PROVEDOR DE ACESSO A INTERNET LTDA - ME",Fortaleza
151,02687221000105,"2017-09-26 15:07:41.491388","2017-09-26 15:07:41.491388","GURISAT GURINET","","GURISAT GURINET LTDA","Rio de Janeiro"
152,07636657000270,"2017-09-26 15:07:41.514964","2017-09-26 15:07:41.514964","AVB - ACO VERDE DO BRASIL","","GUSA NORDESTE S.A.","Brasília"
153,14809276000120,"2017-09-26 15:07:41.533231","2017-09-26 15:07:41.533231","PROVEDOR DE INTERNET CONEXAO NET","","H.R.B. LACERDA COMERCIO E SERVIÇOS - ME","Belém"
154,01003578000164,"2017-09-26 15:07:41.556082","2017-09-26 15:07:41.556082","RÁPIDO INTERNET BANDA LARGA","","HALLEY TELECOM COMERCIO & SERVICOS LTDA - ME","Belém"
155,04011732000138,"2017-09-26 15:07:41.612390","2017-09-26 15:07:41.612390","SHOPNET INFORMÁTICA","","HENRIQUE HONÓRIO PEREIRA CABRAL","Porto Alegre"
156,07821488000167,"2017-09-26 15:07:41.678438","2017-09-26 15:07:41.678438","HONOS DATA EXCHANGE","","HONOS DATA EXCHANGE INFORMATICA LTDA - EPP","Porto Alegre"
157,22240475000198,"2017-09-26 15:07:41.738436","2017-09-26 15:07:41.738436","NET TELECOM","","I CESAR PEREIRA BARROS","Brasília"
158,09634107000166,"2017-09-26 15:07:41.758592","2017-09-26 15:07:41.758592",FIBRALINK,"","I R TECNOLOGIA LTDA","Belém"
159,12128581000120,"2017-09-26 15:07:41.780918","2017-09-26 15:07:41.780918","I2 Telecom","","I2 TELECOM TEC. DA INFORMAÇÃO  LTDA ME","Brasília"
160,06142903000193,"2017-09-26 15:07:41.799963","2017-09-26 15:07:41.799963","I9 Brasília","","I9 BRASÍLIA","Brasília"
161,08854699000169,"2017-09-26 15:07:41.821542","2017-09-26 15:07:41.821542",IBL,"","IBL BANDA LARGA INTERNET INFORMÁTICA LTDA - ME",Fortaleza
162,10934273000167,"2017-09-26 15:07:41.844988","2017-09-26 15:07:41.844988","IMA TELECOM","","IMA TELECOM LTDA - ME","Rio de Janeiro"
163,04196645000100,"2017-09-26 15:07:41.868795","2017-09-26 15:07:41.868795","IMPRENSA NACIONAL","","IMPRENSA NACIONAL",Governo
164,10356804000181,"2017-09-26 15:07:41.889106","2017-09-26 15:07:41.889106",INDNET,"","INDNET TELECOMUNICAÇÕES LTDA -ME","Rio de Janeiro"
165,10388952000188,"2017-09-26 15:07:41.909843","2017-09-26 15:07:41.909843",INFOBARRA,"","INFOBARRA SOLUÇÕES DE INFORMÁTICA LTDA - EPP","Brasília"
166,48197859000169,"2017-09-26 15:07:41.930262","2017-09-26 15:07:41.930262",IMA,"","INFORMÁTICA DE MUNICÍPIOS ASSOCIADOS",Governo
167,13203392000138,"2017-09-26 15:07:41.951469","2017-09-26 15:07:41.951469",INFOSYSTEM,"","INFOSYSTEM TELECOMUNICAÇÕES E INFORMÁTICA LTDA","Rio de Janeiro"
168,00352294000110,"2017-09-26 15:07:41.970138","2017-09-26 15:07:41.970138",INFRAERO,"","INFRAERO - EMPRESA BRASILEIRA DE INFRAESTRUTURA AEROPORTUÁRIA",Fortaleza
169,15559082000186,"2017-09-26 15:07:41.995990","2017-09-26 15:07:41.995990",INFRAMERICA,"","INFRAMERICA CONCESSIONARIA DO AEROPORTO DE BRASILIA","Brasília"
170,33787094000140,"2017-09-26 15:07:42.020022","2017-09-26 15:07:42.020022",IBGE,"","INSTITUTO BRASILEIRO DE GEOGRAFIA E ESTATÍSTICA",Governo
171,33741794000101,"2017-09-26 15:07:42.039844","2017-09-26 15:07:42.039844",EMBRATUR,"","INSTITUTO BRASILEIRO DE TURISMO",Governo
172,03659166000706,"2017-09-26 15:07:42.063270","2017-09-26 15:07:42.063270","GERENCIA EXECUTIVA DO IBAMA NO DISTRITO FEDERAL","","INSTITUTO BRASILEIRO DO MEIO AMBIENTE E DOS RECURSOS NATURAIS RENOVAVEIS",Governo
173,10912323000105,"2017-09-26 15:07:42.086763","2017-09-26 15:07:42.086763","CAMPUS PARTY","","INSTITUTO CAMPUS PARTY",Fortaleza
174,08829974000275,"2017-09-26 15:07:42.106837","2017-09-26 15:07:42.106837",ICMBIO,"","INSTITUTO CHICO MENDES DE CONSERVACAO DA BIODIVERSIDADE","Brasília"
175,33892175000100,"2017-09-26 15:07:42.129737","2017-09-26 15:07:42.129737",IPEA,"","INSTITUTO DE PESQUISA ECONOMICA APLICADA","Brasília"
176,10744098000900,"2017-09-26 15:07:42.155051","2017-09-26 15:07:42.155051",IFCE,"","INSTITUTO FEDERAL DE EDUCAÇÃO - CIÊNCIAS E TECNOLOGIA DO CEARA",Governo
177,02421421000111,"2017-09-26 15:07:42.176032","2017-09-26 15:07:42.176032",INTELIG,"","INTELIG TELECOMUNICAÇÕES LTDA","Rio de Janeiro"
178,20005969000162,"2017-09-26 15:07:42.198101","2017-09-26 15:07:42.198101",INTERFIBRAS,"","INTERFIBRAS TELECOMUNICAÇÕES LTDA - EPP","Brasília"
179,11620561000100,"2017-09-26 15:07:42.219266","2017-09-26 15:07:42.219266","INTERNEXA BRASIL","","INTERNEXA BRASIL OPERADORA DE TELECOMUNICAÇÕES S.A.","São Paulo"
180,12244449000184,"2017-09-26 15:07:42.235431","2017-09-26 15:07:42.235431",INTERVALE,"","INTERVALE TELECOM LTDA ME","São Paulo"
181,10628267000181,"2017-09-26 15:07:42.259636","2017-09-26 15:07:42.259636","IP CARRIER","","IP CARRIER TELECOM DO BRASIL EIRELI",Fortaleza
182,17493657000130,"2017-09-26 15:07:42.281097","2017-09-26 15:07:42.281097","YES COMMUNICATIONS","","IP2TEL SERVICOS DE COMUNICACAO MULTIMIDIA LTDA - ME",Fortaleza
183,03455506000183,"2017-09-26 15:07:42.301940","2017-09-26 15:07:42.301940",IPINFO,"","IPINFO TELECOM E INFORMÁTICA ME","Rio de Janeiro"
184,83343558000105,"2017-09-26 15:07:42.323318","2017-09-26 15:07:42.323318",ISOTELCO,"","ISOTELCO LTDA - EPP","Belém"
185,04690098000107,"2017-09-26 15:07:42.343365","2017-09-26 15:07:42.343365",ITNET,"","ITNET LTDA - ME",Fortaleza
186,07677911000105,"2017-09-26 15:07:42.365775","2017-09-26 15:07:42.365775",MEGASOFT,"","J DA L MORAES TELECOMUNICAÇÕES - ME","Belém"
187,19604109000166,"2017-09-26 15:07:42.388937","2017-09-26 15:07:42.388937","MEGA NET","","J. & R. NETWORK PROVEDOR DE INTERNET LTDA. - ME","São Paulo"
188,04955538000453,"2017-09-26 15:07:42.408744","2017-09-26 15:07:42.408744","JC TELECOM","","JC TELECOM SERVIÇOS DE TELECOMUNICAÇÕES LTDA - EPP - FILIAL","Brasília"
189,04955538000100,"2017-09-26 15:07:42.432034","2017-09-26 15:07:42.432034","JC  INFORMATICA","","JC TELECOM SERVIÇOS DE TELECOMUNICAÇÕES LTDA - EPP - MATRIZ","Belém"
190,33668484000109,"2017-09-26 15:07:42.453612","2017-09-26 15:07:42.453612","IDEAL TECNOLOGIA","","JOAO JOSE ALVES BATISTA - ME","Brasília"
191,00799810000150,"2017-09-26 15:07:42.477481","2017-09-26 15:07:42.477481","OPEN TECNOLOGIA","","JOSÉ EDUARDO MACHADO DA VEIGA E CIA LTDA","Porto Alegre"
192,11106227000132,"2017-09-26 15:07:42.497023","2017-09-26 15:07:42.497023",GOIASNET,"","JR NET INFORMÁTICA LTDA - ME","Brasília"
193,20049543000100,"2017-09-26 15:07:42.519620","2017-09-26 15:07:42.519620","ESPERANTINA NET","","JUÇARA MARIA SILVA CARVALHO - ME",Fortaleza
194,11460137000145,"2017-09-26 15:07:42.539168","2017-09-26 15:07:42.539168",INFORTREAD,"","JULIO DE SOUZA FRANCO NETO EIRELI - EPP","Belém"
195,17192192000935,"2017-09-26 15:07:42.561927","2017-09-26 15:07:42.561927","JUNTO TELECOM SERVIÇOS DE TELECOMUNICAÇÕES LTDA.","","JUNTO TELECOM SERVIÇOS DE TELECOMUNICAÇÕES LTDA.","Brasília"
196,01625636000191,"2017-09-26 15:07:42.588963","2017-09-26 15:07:42.588963","JÚPITER INFORMÁTICA","","JÚPITER TELECOMUNICAÇÕES E INFORMÁTICA  LTDA",Fortaleza
197,13766044000179,"2017-09-26 15:07:42.608527","2017-09-26 15:07:42.608527","LINKDATA INFORMÁTICA E TELECOMUNICACOES","","K S FERREIRA - ME","Brasília"
198,05875227000102,"2017-09-26 15:07:42.631090","2017-09-26 15:07:42.631090","NIPPONTEC TELECOMUNICAÇÕES","","KARINE NEVES COELHO",Fortaleza
199,19168390000131,"2017-09-26 15:07:42.651604","2017-09-26 15:07:42.651604",CONEXOES.NET,"","L A P GAITKOSKI","Brasília"
200,21864406000192,"2017-09-26 15:07:42.671787","2017-09-26 15:07:42.671787","REGIONALWEB TELECOMUNICAÇÕES","","L. BATISTA E SOUSA EIRELI - ME",Fortaleza
201,10669397000162,"2017-09-26 15:07:42.696010","2017-09-26 15:07:42.696010","NETSYSTEM INFORMÁTICA","","L.C. DE CARVALHO CARNEIRO","Brasília"
202,13568652000179,"2017-09-26 15:07:42.719460","2017-09-26 15:07:42.719460","ANDRASTA TI","","L.V. DOS SANTOS - INFORMATICA - ME","Porto Alegre"
203,08588656000189,"2017-09-26 15:07:42.739928","2017-09-26 15:07:42.739928","LAGOS NET","","LAGOS NET INTERNET BANDA LARGA LTDA","Rio de Janeiro"
204,06292238000114,"2017-09-26 15:07:42.761510","2017-09-26 15:07:42.761510","INTERLANS TELECOM","","LAN SOLUTIONS INFORMATICA LTDA-ME","Porto Alegre"
205,08862565000190,"2017-09-26 15:07:42.782541","2017-09-26 15:07:42.782541","GDC TECNOLOGIA","","LG CONSULTORIA EM ADMINISTRAÇÃO E TECNOLOGIA LTDA","Brasília"
206,11897935000139,"2017-09-26 15:07:42.804913","2017-09-26 15:07:42.804913","PHNET Telecom","","LG PROVEDOR E SOLUÇÕES EM INFORMATICA LTDA","Brasília"
207,09648857000197,"2017-09-26 15:07:42.826945","2017-09-26 15:07:42.826945","LIGO TELECOM","","LIGO TELECOMUNICAÇÕES LTDA","Brasília"
208,10436597000175,"2017-09-26 15:07:42.850278","2017-09-26 15:07:42.850278","TELECOM & WIFI","","LIMA & CARVALHO","Brasília"
209,04324565000185,"2017-09-26 15:07:42.874403","2017-09-26 15:07:42.874403","FLIN TELECOM","","LINHA LIVRE INTERNET LTDA - EPP","Porto Alegre"
210,10240186000290,"2017-09-26 15:07:42.903606","2017-09-26 15:07:42.903606","LINHAS DO XINGU","","LINHAS DO XINGU TRANSMISSORA DE ENERGIA","Belém"
211,08505502000186,"2017-09-26 15:07:42.926378","2017-09-26 15:07:42.926378",LOGTEL,"","LOGTEL TELECOM E INFORMATICA LTDA","Brasília"
212,17310450000183,"2017-09-26 15:07:42.948441","2017-09-26 15:07:42.948441","NET MAIS TELECOM","","LUCARONI TELECOM LTDA","Brasília"
213,22521436000169,"2017-09-26 15:07:42.971341","2017-09-26 15:07:42.971341","LUZIANE DOS SANTOS","","LUZIANE DOS SANTOS SAGMEISTER","Porto Alegre"
214,06064368000108,"2017-09-26 15:07:42.993113","2017-09-26 15:07:42.993113","MSD INFORMÁTICA","","M S DUARTE - ME","Brasília"
215,11832927000104,"2017-09-26 15:07:43.015210","2017-09-26 15:07:43.015210","MAIS INTERNET","","MAIS INTERNET LTDA - ME","Porto Alegre"
216,12997155000123,"2017-09-26 15:07:43.037398","2017-09-26 15:07:43.037398","MAP TELECOM","","MAP PIUMHI LTDA - ME","Rio de Janeiro"
217,14086676000154,"2017-09-26 15:07:43.058075","2017-09-26 15:07:43.058075","MARTZ INFORMATICA","","MARCIO MEIRELES DE SOUZA INFORMATICA - ME","Porto Alegre"
218,12405111000167,"2017-09-26 15:07:43.080446","2017-09-26 15:07:43.080446","MASTER DATA NET","","MASTER DATA TELECOMUNICACOES LTDA - ME","Rio de Janeiro"
219,12578562000104,"2017-09-26 15:07:43.103188","2017-09-26 15:07:43.103188","MASTER ONLINE","","MASTER ONLINE PROVEDOR SCM LTDA - ME","Brasília"
220,07793212000112,"2017-09-26 15:07:43.123230","2017-09-26 15:07:43.123230",MAXIMIDIA,"","MAX TELECOMUNICAÇÕES LTDA",Fortaleza
221,22666171000197,"2017-09-26 15:07:43.139434","2017-09-26 15:07:43.139434",MAXIMA,"","MAXIMA SEGURANÇA E TELECOMUNICAÇÕES LTDA.","Porto Alegre"
222,19694566000199,"2017-09-26 15:07:43.160640","2017-09-26 15:07:43.160640","MAXIS TELECOM","","MAXIS TELECOMUNICAÇÕES LTDA - ME","Rio de Janeiro"
223,08426804000169,"2017-09-26 15:07:43.185261","2017-09-26 15:07:43.185261","MD CONNECT TELECOM","","MD CONNECT TELECOMUNICAÇÕES LTDA - ME","Rio de Janeiro"
224,09434753000180,"2017-09-26 15:07:43.205979","2017-09-26 15:07:43.205979",MEGABYTE,"","MEGABYTE PROVEDOR INTERNET LTDA",Fortaleza
225,42357483000630,"2017-09-26 15:07:43.232734","2017-09-26 15:07:43.232734",METROREC,"","METROREC - COMPANHIA BRASILEIRA DE TRENS URBANOS - CBTU",Governo
226,08145394000188,"2017-09-26 15:07:43.248893","2017-09-26 15:07:43.248893","ENGETRONICS FÁBRICA DE SOLUÇÕES","","MH INTEGRAÇÃO REPARAÇÃO E INSTALAÇÃO EM INFORMÁTICA LTDA - ME","Brasília"
227,03132745000100,"2017-09-26 15:07:43.327170","2017-09-26 15:07:43.327170",MCTIC,"","MINISTÉRIO DA CIÊNCIA -  TECNOLOGIA -  INOVAÇÃO E COMUNICAÇÕES -  MCTIC",Governo
228,01264142000714,"2017-09-26 15:07:43.345650","2017-09-26 15:07:43.345650","COORDENACAO GERAL DE RECURSOS HUMANOS SAG-MINC","","MINISTERIO DA CULTURA",Governo
229,03277610000125,"2017-09-26 15:07:43.369542","2017-09-26 15:07:43.369542","MINISTÉRIO DA DEFESA","","MINISTÉRIO DA DEFESA",Governo
230,00394478000224,"2017-09-26 15:07:43.391754","2017-09-26 15:07:43.391754","COORDENACAO GERAL DE SERVICOS GERAIS - MDIC","","MINISTERIO DA INDUSTRIA -  COMERCIO EXTERIOR E SERVICOS","Brasília"
231,00394494001370,"2017-09-26 15:07:43.413258","2017-09-26 15:07:43.413258","MINISTÉRIO DA JUSTIÇA","","MINISTÉRIO DA JUSTIÇA",Governo
232,00530493000171,"2017-09-26 15:07:43.434805","2017-09-26 15:07:43.434805","MINISTÉRIO DA SAÚDE","","MINISTÉRIO DA SAÚDE",Governo
233,05465986000350,"2017-09-26 15:07:43.460442","2017-09-26 15:07:43.460442","COORDENACAO-GERAL DE RECURSOS LOGISTICOS","","MINISTÉRIO DAS CIDADES",Governo
234,37115383000153,"2017-09-26 15:07:43.482721","2017-09-26 15:07:43.482721","GABINETE DO MINISTRO","","MINISTERIO DE MINAS E ENERGIA",Governo
235,37115375000883,"2017-09-26 15:07:43.507474","2017-09-26 15:07:43.507474","SERVIÇO FLORESTAL BRASILEIRO - SFB","","MINISTERIO DO MEIO AMBIENTE",Governo
236,37115375000298,"2017-09-26 15:07:43.529942","2017-09-26 15:07:43.529942","MINISTÉRIO DO MEIO AMBIENTE","","MINISTÉRIO DO MEIO AMBIENTE - MMA",Governo
237,00489828000317,"2017-09-26 15:07:43.549934","2017-09-26 15:07:43.549934","COORDENACAO GERAL DE SERVICOS GERAIS - CSG","","MINISTERIO DO PLANEJAMENTO -  ORCAMENTO E GESTAO - MP",Governo
238,23612685000637,"2017-09-26 15:07:43.571051","2017-09-26 15:07:43.571051","COORDENACAO-GERAL DE REC. LOGISTICOS - CGRL-MTPS","","MINISTERIO DO TRABALHO - MTB",Governo
239,37115367003348,"2017-09-26 15:07:43.592583","2017-09-26 15:07:43.592583",MTE,"","MINISTERIO DO TRABALHO E EMPREGO - MTE",Governo
240,05457283000208,"2017-09-26 15:07:43.611446","2017-09-26 15:07:43.611446","MIN. TURISMO","","MINISTÉRIO DO TURISMO",Governo
241,02961362000174,"2017-09-26 15:07:43.636739","2017-09-26 15:07:43.636739","MINISTÉRIO DOS ESPORTES","","MINISTÉRIO DOS ESPORTES",Governo
242,26989715005503,"2017-09-26 15:07:43.662373","2017-09-26 15:07:43.662373",MPT,"","MINISTÉRIO PÚBLICO DO TRABALHO",Governo
243,00655339000126,"2017-09-26 15:07:43.679856","2017-09-26 15:07:43.679856","MMA INFORMATICA","","MMA ACESSORIOS E SERVICOS DE INFORMATICA LTDA - EPP",Fortaleza
244,10697880000150,"2017-09-26 15:07:43.702235","2017-09-26 15:07:43.702235","MULTLINK TELECOM","","MULTLINK INFORMÁTICA E TEL. LTDA",Fortaleza
245,14784071000137,"2017-09-26 15:07:43.724235","2017-09-26 15:07:43.724235","FIBER NETWORK","","N C COMÉRCIO DE EQUIPAMENTOS DE COMUNICAÇÃO LTDA - ME","Belém"
246,09665162000113,"2017-09-26 15:07:43.743150","2017-09-26 15:07:43.743150","CIDADE ONLINE","","N V SOUSA - ME",Fortaleza
247,09425544000170,"2017-09-26 15:07:43.765855","2017-09-26 15:07:43.765855","NAJA TELECOMUNICAÇÕES LTDA.","","NAJA TELECOMUNICAÇÕES LTDA-ME","Porto Alegre"
248,15146573000103,"2017-09-26 15:07:43.792803","2017-09-26 15:07:43.792803","NEOLOG TECNOLOGIA","","NEOLOG TECNOLOGIA LTDA.",Fortaleza
249,10687950000190,"2017-09-26 15:07:43.812646","2017-09-26 15:07:43.812646","NET BARRETOS","","NET BARRETOS TECNOLOGIA - ME","São Paulo"
250,26499392000179,"2017-09-26 15:07:43.834310","2017-09-26 15:07:43.834310","Vs Link","","NET BRASILIA COMUNICAÇÃO E MULTIMIDIA LT","Brasília"
251,10213248000194,"2017-09-26 15:07:43.857683","2017-09-26 15:07:43.857683","NET STORE TECNOLOGIA","","NET STORE TECNOLOGIA","Brasília"
252,08092905000140,"2017-09-26 15:07:43.885908","2017-09-26 15:07:43.885908","NET SUL","","NET SUL INFORMATICA E SERVICOS DE PROVEDOR LTDA - ME","Belém"
253,07875744000107,"2017-09-26 15:07:43.913832","2017-09-26 15:07:43.913832","IUB TELECON","","NET-BLADE COMUNICAÇÕES LTDA - ME","Brasília"
254,06111200000106,"2017-09-26 15:07:43.936450","2017-09-26 15:07:43.936450","LINK INFORMÁTICA","","NEUBER MODESTO FONTOURA","Brasília"
255,09131028000132,"2017-09-26 15:07:43.961609","2017-09-26 15:07:43.961609","Nippy Net Informática Ltda","","NIPPY NET INFORMÁTICA LTDA","Rio de Janeiro"
256,07584868000125,"2017-09-26 15:07:43.984724","2017-09-26 15:07:43.984724",NIQTURBO,"","NIQTURBO PIMENTEL E MOREIRA LTDA - ME","Brasília"
257,14603266000133,"2017-09-26 15:07:44.006672","2017-09-26 15:07:44.006672",NOROESTECOM,"","NOROESTECOM TELECOMUNICAÇÕES LTDA","São Paulo"
258,01003694000183,"2017-09-26 15:07:44.029656","2017-09-26 15:07:44.029656","JUNTO TELECOM","","NORTELPA ENGENHARIA S-A","Belém"
259,03411348000160,"2017-09-26 15:07:44.049068","2017-09-26 15:07:44.049068","VIA EXPRESSA","","OLIVEIRA & DECORATO LTDA ME","Porto Alegre"
260,09238990000175,"2017-09-26 15:07:44.069384","2017-09-26 15:07:44.069384","Omni Telecom","","OMINI TELECOMUNICAÇÕES LTDA.","Brasília"
261,10293838000174,"2017-09-26 15:07:44.091747","2017-09-26 15:07:44.091747","ONDA G","","ONDA G NETWORK TELECOMUNICAÇÕES LTDA","Brasília"
262,16992716000152,"2017-09-26 15:07:44.117651","2017-09-26 15:07:44.117651","OOPS TELECOM LTDA","","OOPS TELECOM LTDA - ME",Fortaleza
263,10773501000164,"2017-09-26 15:07:44.139449","2017-09-26 15:07:44.139449",OSIRNET,"","OSIRNET INFO TELECOM LTDA-ME","Porto Alegre"
264,10703677000140,"2017-09-26 15:07:44.160288","2017-09-26 15:07:44.160288","P4 NET TELECOM","","P4 TELECOM LTDA - EPP","Porto Alegre"
265,94425154000179,"2017-09-26 15:07:44.181251","2017-09-26 15:07:44.181251","PAIM COMUNICAÇÃO","","PAIM & ASSOCIADOS COMUNICAÇÃO LTDA","Porto Alegre"
266,11174258000120,"2017-09-26 15:07:44.203385","2017-09-26 15:07:44.203385","SERVNET - BA","","PAIVA SANTANA TELECOM COMUNICACOES LTDA - ME",Fortaleza
267,11509434000138,"2017-09-26 15:07:44.226792","2017-09-26 15:07:44.226792",BAYMATECH-WIKI,"","PAULO DE TARSO DE CARVALHO BAYMA FILHO",Fortaleza
268,09203570000153,"2017-09-26 15:07:44.247293","2017-09-26 15:07:44.247293","HOUSE NET","","PC SILVA HOUSE NET",Fortaleza
269,33000167000101,"2017-09-26 15:07:44.273360","2017-09-26 15:07:44.273360",PETROBRAS,"","PETRÓLEO BRASILEIRO S.A.","Rio de Janeiro"
270,63859086000122,"2017-09-26 15:07:44.297916","2017-09-26 15:07:44.297916","PHASE ENGENHARIA","","PHASE - PROJETOS -  SERVIÇOS DE ENGENHARIA E TELECOMUNICAÇÕES LTDA","Belém"
271,12667706000190,"2017-09-26 15:07:44.318302","2017-09-26 15:07:44.318302","PLENITUDE E SISTEMAS LTDA - EPP","","PLENITUDE E SISTEMAS LTDA - EPP","Belém"
272,00316308000140,"2017-09-26 15:07:44.339972","2017-09-26 15:07:44.339972","POLY CANAL","","POLICANAL SERVIÇOS DE TELECOMUNICAÇÕES L","Brasília"
273,10761712000187,"2017-09-26 15:07:44.362712","2017-09-26 15:07:44.362712",PONTOINFOR,"","PONTOINFOR COMUNICAÇÃO LTDA - ME","Brasília"
274,12082987000110,"2017-09-26 15:07:44.385108","2017-09-26 15:07:44.385108","PONTUAL - NET","","PONTUAL - NET SERVIÇOS DE TELECOMUNICAÇÕES LTDA - ME",Fortaleza
275,13114336000127,"2017-09-26 15:07:44.409113","2017-09-26 15:07:44.409113","PORTO VELHO TELECOM","","PORTO VELHO TELECOMUNICAÇÕES LTDA","Belém"
276,44780609000104,"2017-09-26 15:07:44.432405","2017-09-26 15:07:44.432405","PREFEITURA  BARRETOS","","PREFEITURA  BARRETOS",Governo
277,36862621000121,"2017-09-26 15:07:44.450423","2017-09-26 15:07:44.450423","PREF. MUN. CIDADE  OCIDENTAL","","PREFEITURA  MUNICIPAL DE CIDADE  OCIDENTAL",Governo
278,01795483000120,"2017-09-26 15:07:44.469635","2017-09-26 15:07:44.469635","PREFEITURA DE COLINAS","","PREFEITURA  MUNICIPAL DE COLINAS DO TOCANTINS",Governo
279,73214439000190,"2017-09-26 15:07:44.491585","2017-09-26 15:07:44.491585",PCRJ,"","PREFEITURA DA CIDADE DO RIO DE JANEIRO",Governo
280,88824099000197,"2017-09-26 15:07:44.516375","2017-09-26 15:07:44.516375","PREFEITURA DE SANTA VITÓRIA DO PALMAR","","PREFEITURA DE SANTA VITÓRIA DO PALMAR",Governo
281,01067479000146,"2017-09-26 15:07:44.537914","2017-09-26 15:07:44.537914","PMA - ANÁPOLIS","","PREFEITURA MUNICIPAL DE ANÁPOLIS",Governo
282,01005727000124,"2017-09-26 15:07:44.560683","2017-09-26 15:07:44.560683",PMAG,"","PREFEITURA MUNICIPAL DE APARECIDA DE GOIÂNIA",Governo
283,52381720000148,"2017-09-26 15:07:44.583361","2017-09-26 15:07:44.583361","PREFEITURA DE COLOMBIA","","PREFEITURA MUNICIPAL DE COLOMBIA",Governo
284,04214419000105,"2017-09-26 15:07:44.606114","2017-09-26 15:07:44.606114","PREF MUNICIPAL DE LUIS EDUARDO MAGALHÃES","","PREFEITURA MUNICIPAL DE LUIS EDUARDO MAGALHÃES",Governo
285,88124961000159,"2017-09-26 15:07:44.627865","2017-09-26 15:07:44.627865","PREFEITURA MUNICIPAL DE SANTANA DO LIVRAMENTO","","PREFEITURA MUNICIPAL DE SANTANA DO LIVRAMENTO",Governo
286,00097857000171,"2017-09-26 15:07:44.650420","2017-09-26 15:07:44.650420",PMSAD,"","PREFEITURA MUNICIPAL DO SANTO ANTÔNIO DE  POSSI","Brasília"
287,08380178000117,"2017-09-26 15:07:44.671749","2017-09-26 15:07:44.671749","PREMIER SOLUÇÕES","","PREMIER SOLUÇÕES EIRELI","Belém"
288,00349411000109,"2017-09-26 15:07:44.694881","2017-09-26 15:07:44.694881","PRESIDÊNCIA DA REPÚBLICA","","PRESIDÊNCIA DA REPÚBLICA",Governo
289,12356161000100,"2017-09-26 15:07:44.719523","2017-09-26 15:07:44.719523","PRIME SYSTEM INFORMATICA","","PRIME SYSTEM INFORMATICA LTDA","Brasília"
290,87124582000104,"2017-09-26 15:07:44.745351","2017-09-26 15:07:44.745351",PROCERGS,"","PROCERGS - CIA PROCESSAMENTO DADOS DO ESTADO RIO GRANDE SUL",Governo
291,04407920000180,"2017-09-26 15:07:44.769099","2017-09-26 15:07:44.769099",PRODAM,"","PROCESSAMENTO DE DADOS AMAZONAS S.A.",Governo
292,04612766000188,"2017-09-26 15:07:44.795560","2017-09-26 15:07:44.795560","PRONTO NET","","PRONTO NET LTDA - EPP","Belém"
293,07251024000162,"2017-09-26 15:07:44.815447","2017-09-26 15:07:44.815447",Provecom,"","PROVECOM TELECOMUNICAÇÕES LTDA - ME","Belém"
294,20975185000167,"2017-09-26 15:07:44.836092","2017-09-26 15:07:44.836092","NETMASTER TELECOMUNICACAO","","R L GUIMARAES TELECOMUNICACAO - ME",Fortaleza
295,83857292000100,"2017-09-26 15:07:44.858888","2017-09-26 15:07:44.858888",JATIMNET,"","R. M. DE OLIVEIRA INFORMÁTICA LTDA - EPP","Belém"
296,07462381000170,"2017-09-26 15:07:44.881930","2017-09-26 15:07:44.881930",R.R.M.,"","R.R.M. SERVIÇOS DE INFORMÁTICA  LTDA - ME",Fortaleza
297,60509239000113,"2017-09-26 15:07:44.904201","2017-09-26 15:07:44.904201","TV Bandeirantes - Band","","RÁDIO E TELEVISÃO BANDEIRANTES LTDA.","São Paulo"
298,20121565000134,"2017-09-26 15:07:44.933501","2017-09-26 15:07:44.933501","RADIONET TELECOM","","RADIO NETWORK E TELECOM LTDA - ME","Brasília"
299,01031269000106,"2017-09-26 15:07:44.955658","2017-09-26 15:07:44.955658",ACESSO.COM,"","RC OLIVEIRA ELETRÔNICA E COMUNICAÇÕES LTDA","Brasília"
300,08750868000110,"2017-09-26 15:07:44.979554","2017-09-26 15:07:44.979554","REDE CONESUL","","REDE CONESUL TELECOMUNICAÇÕES LTDA","Porto Alegre"
301,04680405000179,"2017-09-26 15:07:45.001641","2017-09-26 15:07:45.001641",CARAJASNET,"","REDE DE TELECOMUNICACOES CARAJAS EIRELI - EPP","Belém"
302,05363299000162,"2017-09-26 15:07:45.024462","2017-09-26 15:07:45.024462",PASSONET,"","REDE EXITUS LTDA","Rio de Janeiro"
303,27865757002571,"2017-09-26 15:07:45.048710","2017-09-26 15:07:45.048710","Rede Globo Brasília","","REDE GLOBO","Brasília"
304,07781428000168,"2017-09-26 15:07:45.071696","2017-09-26 15:07:45.071696","REDE SIVNET TELECOMUNICAÇÕES LTDA","","REDE SIVNET TELECOMUNICAÇÕES LTDA",Fortaleza
305,12753324000180,"2017-09-26 15:07:45.093297","2017-09-26 15:07:45.093297",SPEEDNET,"","REDE SPEEDNET TELECOM LTDA - ME",Fortaleza
306,07734311000123,"2017-09-26 15:07:45.114362","2017-09-26 15:07:45.114362","Reditel Telecom","","REDITELECOM ALOFONE TELEFOMUNICAÇÕES LTD",Fortaleza
307,03680502000107,"2017-09-26 15:07:45.206647","2017-09-26 15:07:45.206647","NEXTVIEW TECHNOLOGIES","","REVO TELECOMUNICACOES LTDA - EPP","São Paulo"
308,04985991000160,"2017-09-26 15:07:45.224843","2017-09-26 15:07:45.224843","VIVA TELECOM","","RICARDO SANTOS DE JESUS & CIA LTDA - ME","Brasília"
309,03508097000136,"2017-09-26 15:07:45.247299","2017-09-26 15:07:45.247299",RNP,"","RNP - REDE NACIONAL DE ENSINO E PESQUISA",Governo
310,09277607000198,"2017-09-26 15:07:45.269730","2017-09-26 15:07:45.269730","RCA NET","","RODRIGO CASTRO ANDRADE - ME","Brasília"
311,09389408000171,"2017-09-26 15:07:45.293266","2017-09-26 15:07:45.293266","CAMAQUÃNET","","RODRIGO COSTA MACHADO - SERVIÇOS DE TELEFONIA FIXA COMUTADA - STFC - EIRELI","Porto Alegre"
312,11554260000106,"2017-09-26 15:07:45.317271","2017-09-26 15:07:45.317271","PRIMATEC TECNOLOGIA","","RODRIGO JOSE MARASCA & CIA LTDA - ME","Brasília"
313,14788089000107,"2017-09-26 15:07:45.344916","2017-09-26 15:07:45.344916",IMPERANET,"","RODRIGUES E MACEDO LTDA",Fortaleza
314,09256492000155,"2017-09-26 15:07:45.366331","2017-09-26 15:07:45.366331","RONDONET TELECOM","","RONDON TELECOM LTDA - ME","Brasília"
315,04290584000138,"2017-09-26 15:07:45.388291","2017-09-26 15:07:45.388291","RONDONTECH TELECOM","","RONDONTECH TELECOM LTDA - EPP","Brasília"
316,02076048000109,"2017-09-26 15:07:45.411993","2017-09-26 15:07:45.411993","RURAL TEC","","RTC INTERNET VIA RÁDIO LTDA","Porto Alegre"
317,01579286000174,"2017-09-26 15:07:45.436316","2017-09-26 15:07:45.436316",SAFEWEB,"","SAFEWEB SEGURANÇA DA INFORMAÇÃO LTDA","Porto Alegre"
318,20062032000129,"2017-09-26 15:07:45.453271","2017-09-26 15:07:45.453271","ASA TELECOM","","SANNRES TELECOMUNICACOES LTDA - ME","Belém"
319,04478833000113,"2017-09-26 15:07:45.474088","2017-09-26 15:07:45.474088","MEGA TURBO","","SANTINA E ALBERTINA LTDA - ME","Brasília"
320,13400311000190,"2017-09-26 15:07:45.496642","2017-09-26 15:07:45.496642","NEVOLI TELECOMUNICAÇÕES","","SÃO MIGUEL TELECOMUNICAÇÕES E INFORMÁTICA LTDA - ME","Belém"
321,10947276000135,"2017-09-26 15:07:45.521283","2017-09-26 15:07:45.521283","HELP INTERNET","","SBRUSSI E SBRUSSI LTDA - ME","Brasília"
322,13564476000105,"2017-09-26 15:07:45.543298","2017-09-26 15:07:45.543298",SAC,"","SECRETARIA DE AVIACAO CIVIL",Governo
323,33683111000107,"2017-09-26 15:07:45.565139","2017-09-26 15:07:45.565139",SERPRO,"",SERPRO,Governo
324,00330845000145,"2017-09-26 15:07:45.590517","2017-09-26 15:07:45.590517",SEBRAE,"","SERVIÇO BRASILEIRO DE APOIO ÀS MICRO E PEQUENAS EMPRESAS",Governo
325,13546741000114,"2017-09-26 15:07:45.610812","2017-09-26 15:07:45.610812","MUITO MAIS COMUNICAÇÕES","","SERVIÇOS DE COMUNICAÇÕES LTDA","Brasília"
326,06119785000100,"2017-09-26 15:07:45.633185","2017-09-26 15:07:45.633185","BRIW - BRASIL INTERNET WIRELESS","","SET SOLUCOES TECNOLOGICAS E INFORMATICA LTDA - ME","Brasília"
327,10614842000197,"2017-09-26 15:07:45.656047","2017-09-26 15:07:45.656047",7CON,"","SETE TELECOM LTDA","Belém"
328,05829374000138,"2017-09-26 15:07:45.675533","2017-09-26 15:07:45.675533","SILMAR ZAMBONI BERTONCELLO","","SILMAR ZAMBONI BERTONCELLO","Porto Alegre"
329,05121961000178,"2017-09-26 15:07:45.697459","2017-09-26 15:07:45.697459","CIACOM PROVEDOR DE INTERNET","","SILVEIRA & ZIQUINATTI LTDA","Porto Alegre"
330,08778322000178,"2017-09-26 15:07:45.717035","2017-09-26 15:07:45.717035","SIM TELECOM","","SIM TELECOM LTDA - EPP","Brasília"
331,05890739000130,"2017-09-26 15:07:45.766499","2017-09-26 15:07:45.766499","SIMONET PROVIDER","","SIMONET PROVIDER TELECOMUNICAÇÕES LTDA - ME","Rio de Janeiro"
332,15361188000170,"2017-09-26 15:07:45.783643","2017-09-26 15:07:45.783643",SINALNET,"","SINALNET REDES DE COMUNICAÇÕES LTDA - ME","Porto Alegre"
333,03821107000199,"2017-09-26 15:07:45.805917","2017-09-26 15:07:45.805917",SINERGY,"","SINERGY NOVAS MÍDIAS LTDA","Porto Alegre"
334,02425327000130,"2017-09-26 15:07:45.829326","2017-09-26 15:07:45.829326",SKORPIONET,"","SKORPION SISTEMA DE TELECOM LTDA","Belém"
335,00497373004883,"2017-09-26 15:07:45.852660","2017-09-26 15:07:45.852660",SKY,"","SKY SERVICOS DE BANDA LARGA LTDA","São Paulo"
336,14359769000105,"2017-09-26 15:07:45.871421","2017-09-26 15:07:45.871421","SM NET","","SM NET LTDA ? ME","Rio de Janeiro"
337,07787126000168,"2017-09-26 15:07:45.891935","2017-09-26 15:07:45.891935","WEBROUTE INTERNET BANDA LARGA","","SMA NETWORKS INFORMÁTICA LTDA ME","São Paulo"
338,86846706000194,"2017-09-26 15:07:45.916832","2017-09-26 15:07:45.916832",RIOSOFT,"","SOCIEDADE NÚCLEO DE APOIO À PRODUÇÃO E EXPORTAÇÃO DE SOFTWARE DO RIO DE JANEIRO","Rio de Janeiro"
339,10271457000194,"2017-09-26 15:07:45.945126","2017-09-26 15:07:45.945126","CLICKNET TELECOMUNICAÇÕES","","SP TELECOMUNICAÇÕES LTDA - ME","Brasília"
340,10505282000132,"2017-09-26 15:07:45.971423","2017-09-26 15:07:45.971423","SPEED TELECOM","","SPEED PLANET TELECOMUNICAÇÕES LTDA","Rio de Janeiro"
341,10379340000129,"2017-09-26 15:07:45.990347","2017-09-26 15:07:45.990347",SPEEDCONNECT,"","SPEEDCONNECT- TECNOLOGIA E EQUIPAMENTOS",Fortaleza
342,17574884000190,"2017-09-26 15:07:46.007166","2017-09-26 15:07:46.007166","SPEEDNET LTDA","","SPEEDNET LTDA - EPP","Belém"
343,04101555000180,"2017-09-26 15:07:46.027783","2017-09-26 15:07:46.027783",CONTILNET,"","STAFF COMPUTER LTDA","Brasília"
344,01117905000109,"2017-09-26 15:07:46.047886","2017-09-26 15:07:46.047886","VIA RADIO","","STATUS EQUIPAMENTOS DE TELECOMUNICAÇÕES LTDA","Brasília"
345,21099215000181,"2017-09-26 15:07:46.071180","2017-09-26 15:07:46.071180",STONE,"","STONE TECNOLOGIA EIRELI - EPP","Belém"
346,02639055000171,"2017-09-26 15:07:46.096901","2017-09-26 15:07:46.096901","SOUTHTECH TELECOM","","SUL AMERICANA TECNOLOGIA E INFORMATICA LTDA","São Paulo"
347,24875044000123,"2017-09-26 15:07:46.115411","2017-09-26 15:07:46.115411",TURBONET,"","TBN TELECOMUNICAÇÕES LTDA - ME","Brasília"
348,11251678000163,"2017-09-26 15:07:46.134732","2017-09-26 15:07:46.134732","TCF - TELECOM","","TCF - TELECOMUNICAÇÕES CAMPO FLORIDO LTDA","Rio de Janeiro"
349,06089278000163,"2017-09-26 15:07:46.156147","2017-09-26 15:07:46.156147","TCHETURBO INTERNET PROVIDER","","TCHETURBO PROVEDOR DE INTERNET EIRELI","Porto Alegre"
350,11562559000121,"2017-09-26 15:07:46.177728","2017-09-26 15:07:46.177728",LARCNET,"","TELECOMUNICAÇÕES ALARCÃO E FERNANDES LTDA - ME","Brasília"
351,00336701000104,"2017-09-26 15:07:46.196958","2017-09-26 15:07:46.196958",TELEBRAS,"","TELECOMUNICAÇÕES BRASILEIRAS S. A. - TELEBRAS",Governo
352,02995233000105,"2017-09-26 15:07:46.222741","2017-09-26 15:07:46.222741",TVN,"","TELECOMUNICAÇÕES NORDESTE LTDA",Fortaleza
353,04206050000180,"2017-09-26 15:07:46.244364","2017-09-26 15:07:46.244364",TIM,"","TIM CELULAR S.A.","Rio de Janeiro"
354,09537386000140,"2017-09-26 15:07:46.264235","2017-09-26 15:07:46.264235","TOLEDO INFO","","TOLEDO INFORMÁTICA  LTDA","Brasília"
355,06850461000130,"2017-09-26 15:07:46.287273","2017-09-26 15:07:46.287273","TOTAL AUTOMAÇÃO","","TOTAL AUTOMAÇÃO COMÉRCIO DE PEÇAS E EQUIPAMENTOS DE INFORMÁTICA LTDA - ME","Brasília"
356,84534254000503,"2017-09-26 15:07:46.306782","2017-09-26 15:07:46.306782","TRÓPICO","","TRÓPICO SISTEMAS E TELECOMUNICAÇÕES DA AMAZÔNIA LTDA",Governo
357,07775840000175,"2017-09-26 15:07:46.327706","2017-09-26 15:07:46.327706",TUBARON,"","TUBARON TECNOLOGIAS LTDA - EPP","Porto Alegre"
358,04009757000105,"2017-09-26 15:07:46.350999","2017-09-26 15:07:46.350999","TURBO NET","","TURBO NET COMUNICAÇÃO E INFORMÁTICA LTDA","Belém"
359,08874991000143,"2017-09-26 15:07:46.374461","2017-09-26 15:07:46.374461","VIDEO CLUB","","TURBO TELECOM PROVEDOR DE ACESSO A INTERNET LTDA - ME","Porto Alegre"
360,10918507000182,"2017-09-26 15:07:46.394653","2017-09-26 15:07:46.394653","TURBONETT TELECOMUNICAÇÕES","","TURBONETT TELECOMUNICAÇÕES LTDA - ME",Fortaleza
361,02131538000160,"2017-09-26 15:07:46.419744","2017-09-26 15:07:46.419744","REDE TV","","TV OMEGA LTDA","São Paulo"
362,88630413000281,"2017-09-26 15:07:46.440872","2017-09-26 15:07:46.440872","PONTIFICIA UNIVERSIDADE CATOLICA DO RS-CAMPUS POA (PUCRS)","","UNIÃO BRASILEIRA DE EDUCAÇÃO E ASSISTÊNCIA","Porto Alegre"
363,34023077000107,"2017-09-26 15:07:46.461766","2017-09-26 15:07:46.461766","UNI RIO","","UNIVERSIDADE FEDERAL DO ESTADO DO RIO DE JANEIRO","Rio de Janeiro"
364,08921282000114,"2017-09-26 15:07:46.485918","2017-09-26 15:07:46.485918","DIRECT BANDA LARGA","","V.A. DE PAULA SEGUNDO TELECOMUNICAÇÕES - ME",Fortaleza
365,07353979000120,"2017-09-26 15:07:46.509580","2017-09-26 15:07:46.509580","CONECT TELECOM","","VALDEMAR MELO DA MOTA - ME",Fortaleza
366,10201482000100,"2017-09-26 15:07:46.534681","2017-09-26 15:07:46.534681","Vante Telecom","","VANTE PROVEDOR DE INTERNET LTDA ME","Rio de Janeiro"
367,10501017000186,"2017-09-26 15:07:46.555269","2017-09-26 15:07:46.555269","VEGAS TELECOM","","VEGAS TELECOM INFORMÁTICA LTDA","Rio de Janeiro"
368,94084266000103,"2017-09-26 15:07:46.576102","2017-09-26 15:07:46.576102","VETORIAL INTERNET","","VETORIALNET INFORMATICA E SERVICOS DE INTERNET EIRELI - EPP","Porto Alegre"
369,09254150000104,"2017-09-26 15:07:46.597190","2017-09-26 15:07:46.597190","VIA SUL TELECOM","","VIA SUL TELECOMUNICACOES LTDA - ME","Rio de Janeiro"
370,06172384000106,"2017-09-26 15:07:46.618888","2017-09-26 15:07:46.618888",IZOOM,"","VIACOM NEXT GENERATION COMUNICAÇÃO LTDA - EPP ","Belém"
371,13083648000110,"2017-09-26 15:07:46.647047","2017-09-26 15:07:46.647047","VIA SUL","","VIGAR PROVEDOR DE ACESSO A INTERNET LTDA","Porto Alegre"
372,09214464000175,"2017-09-26 15:07:46.669192","2017-09-26 15:07:46.669192",Virtualcity,"","VIRTUALCITY COMERCIO E SERV. DE TELECOM ","Brasília"
373,05555435000205,"2017-09-26 15:07:46.695922","2017-09-26 15:07:46.695922","VISADA PROVEDOR","","VISADA PROVEDOR DE INTERN LTDA ME","Brasília"
374,18455638000182,"2017-09-26 15:07:46.716975","2017-09-26 15:07:46.716975","VISION TELECOM","","VISION TELECOM E INFORMATICA EIRELI - ME","Brasília"
375,08415377000113,"2017-09-26 15:07:46.742982","2017-09-26 15:07:46.742982","VITORINO NET","","VITORINO NET LTDA - ME",Fortaleza
376,12695351000143,"2017-09-26 15:07:46.761920","2017-09-26 15:07:46.761920","VIVA NET","","VIVA NET LTDA - ME","São Paulo"
377,02449992000164,"2017-09-26 15:07:46.778620","2017-09-26 15:07:46.778620",VIVO,"","VIVO S.A.","São Paulo"
378,07656757000187,"2017-09-26 15:07:46.802702","2017-09-26 15:07:46.802702","VOCÊ TELECOM","","VOCÊ TELECOMUNICAÇÕES LTDA","Belém"
379,03847541000148,"2017-09-26 15:07:46.822674","2017-09-26 15:07:46.822674","WAVE TELECOM","","WAVE TELECOM LTDA","Belém"
380,09356043000189,"2017-09-26 15:07:46.845403","2017-09-26 15:07:46.845403","WDS TELECOM","","WDS TELECOM LTDA - ME","Rio de Janeiro"
381,10651401000165,"2017-09-26 15:07:46.868429","2017-09-26 15:07:46.868429",WEBMAX,"","WEBMAX TECNOLOGIA LTDA.","Porto Alegre"
382,19044970000117,"2017-09-26 15:07:46.889112","2017-09-26 15:07:46.889112","NET PREMIUM INFORMATICA","","WEDENARDO PEDRO DA COSTA - ME","Brasília"
383,05104611000101,"2017-09-26 15:07:46.911017","2017-09-26 15:07:46.911017",WIANET,"","WIANET SOLUÇÕES E TECNOLOGIA LTDA","Brasília"
384,02391867000140,"2017-09-26 15:07:46.933192","2017-09-26 15:07:46.933192",FLEXANET,"","WIN TIME INFORMÁTICA LTDA - EPP","Belém"
385,19532184000169,"2017-09-26 15:07:46.959745","2017-09-26 15:07:46.959745",WINDTEL,"","WINDTEL SERVICOS","Belém"
386,14644092000157,"2017-09-26 15:07:46.984432","2017-09-26 15:07:46.984432","WLAN SISTEMAS","","WLAN SISTEMAS LTDA","Belém"
387,07942413000134,"2017-09-26 15:07:47.004770","2017-09-26 15:07:47.004770","WSP TELECOM","","WSP SERVIÇOS DE TELECOMUNICAÇÕES LTDA - ME","Belém"
388,12192411000105,"2017-09-26 15:07:47.026298","2017-09-26 15:07:47.026298","WWN REDES E COMUNICAÇÕES LTDA - ME","","WWN REDES E COMUNICAÇÕES LTDA - ME","Porto Alegre"
389,13995892000150,"2017-09-26 15:07:47.050547","2017-09-26 15:07:47.050547",YOTTA,"","YOTTA COMUNICACOES DIGITAIS LTDA - EPP","Porto Alegre"
390,14122350000135,"2017-09-26 15:07:47.076106","2017-09-26 15:07:47.076106","LINKFIRE CONSULTORIA EM TI","","YZABELLA KRISTINA CALCAGNO ROGRIGUES EIRELI","Belém"
391,08056021000130,"2017-09-26 15:07:47.096415","2017-09-26 15:07:47.096415","ZAP TELECOM","","ZAP TELECOMUNICAÇÕES LTDA","Brasília"
392,05462503000100,"2017-09-26 15:07:47.113735","2017-09-26 15:07:47.113735",ZAPNET,"","ZAPNET PROVEDORES DE INTERNET LTDA","Brasília"
393,10220038000123,"2017-09-26 15:07:47.136033","2017-09-26 15:07:47.136033","SULNET TELECOMUNICAÇÕES","","ZILIONET TELECOMUNICAÇÕES LTDA","Porto Alegre"
394,18785251000194,"2017-09-26 15:07:47.156966","2017-09-26 15:07:47.156966","ZONA SUL TELECOM EIRELI - EPP","","ZONA SUL TELECOM EIRELI - EPP","Porto Alegre"
395,10390703000127,"2017-09-26 15:07:47.177586","2017-09-26 15:07:47.177586","TELNET WIRELESS","","ZOTTIS & COSTA TELECOMUNICACOES LTDA","Porto Alegre"
